# Wikipedia Trends - http://www.wikipediatrends.com/?query[]=Apache+Tomcat&query[]=IIS,,
Date,Apache Tomcat,IIS
2008/01/01,276,104
2008/01/02,771,323
2008/01/03,913,329
2008/01/04,813,277
2008/01/05,403,124
2008/01/06,421,115
2008/01/07,909,288
2008/01/08,1004,280
2008/01/09,1053,298
2008/01/10,1015,327
2008/01/11,901,277
2008/01/12,448,132
2008/01/13,449,171
2008/01/14,965,327
2008/01/15,1029,287
2008/01/16,1111,345
2008/01/17,1060,311
2008/01/18,973,265
2008/01/19,465,156
2008/01/20,444,143
2008/01/21,962,347
2008/01/22,972,349
2008/01/23,1099,349
2008/01/24,1020,356
2008/01/25,939,332
2008/01/26,483,127
2008/01/27,451,164
2008/01/28,997,374
2008/01/29,1097,379
2008/01/30,1134,422
2008/01/31,1083,352
2008/02/01,898,308
2008/02/02,455,179
2008/02/03,435,134
2008/02/04,994,290
2008/02/05,1113,351
2008/02/06,1043,382
2008/02/07,1045,356
2008/02/08,1032,323
2008/02/09,465,148
2008/02/10,444,142
2008/02/11,1006,341
2008/02/12,1132,375
2008/02/13,1084,402
2008/02/14,1073,328
2008/02/15,973,320
2008/02/16,431,140
2008/02/17,453,132
2008/02/18,1014,336
2008/02/19,1123,422
2008/02/20,1186,392
2008/02/21,1047,401
2008/02/22,967,307
2008/02/23,458,154
2008/02/24,493,157
2008/02/25,1051,369
2008/02/26,1120,369
2008/02/27,1143,372
2008/02/28,1059,385
2008/02/29,940,308
2008/03/01,454,146
2008/03/02,452,140
2008/03/03,780,244
2008/03/04,994,343
2008/03/05,1105,412
2008/03/06,1224,351
2008/03/07,1097,344
2008/03/08,483,127
2008/03/09,481,175
2008/03/10,1050,399
2008/03/11,1130,443
2008/03/12,1056,397
2008/03/13,1113,422
2008/03/14,1009,364
2008/03/15,438,154
2008/03/16,516,185
2008/03/17,1084,417
2008/03/18,1137,445
2008/03/19,1121,406
2008/03/20,989,411
2008/03/21,709,249
2008/03/22,452,158
2008/03/23,436,135
2008/03/24,864,327
2008/03/25,1029,419
2008/03/26,1166,396
2008/03/27,1194,478
2008/03/28,1036,319
2008/03/29,422,182
2008/03/30,472,163
2008/03/31,1023,431
2008/04/01,1145,435
2008/04/02,1205,420
2008/04/03,1019,379
2008/04/04,1027,382
2008/04/05,515,176
2008/04/06,457,213
2008/04/07,1111,400
2008/04/08,1185,411
2008/04/09,1189,441
2008/04/10,1184,436
2008/04/11,1060,377
2008/04/12,529,147
2008/04/13,507,185
2008/04/14,1064,413
2008/04/15,1185,388
2008/04/16,1196,430
2008/04/17,1200,416
2008/04/18,1064,338
2008/04/19,483,188
2008/04/20,492,167
2008/04/21,1131,433
2008/04/22,1162,406
2008/04/23,1143,432
2008/04/24,1120,414
2008/04/25,1012,341
2008/04/26,502,155
2008/04/27,487,201
2008/04/28,1113,403
2008/04/29,1195,428
2008/04/30,1185,402
2008/05/01,919,315
2008/05/02,961,343
2008/05/03,472,182
2008/05/04,491,195
2008/05/05,1040,407
2008/05/06,1217,468
2008/05/07,1189,461
2008/05/08,1148,424
2008/05/09,1048,431
2008/05/10,460,175
2008/05/11,522,186
2008/05/12,1198,456
2008/05/13,1336,537
2008/05/14,1266,537
2008/05/15,1242,472
2008/05/16,1062,422
2008/05/17,509,188
2008/05/18,584,241
2008/05/19,1145,421
2008/05/20,1306,488
2008/05/21,1361,498
2008/05/22,1186,467
2008/05/23,1130,422
2008/05/24,508,207
2008/05/25,545,217
2008/05/26,1028,420
2008/05/27,1295,532
2008/05/28,1358,477
2008/05/29,1255,505
2008/05/30,1096,424
2008/05/31,568,223
2008/06/01,542,254
2008/06/02,1258,458
2008/06/03,1410,499
2008/06/04,1310,528
2008/06/05,1377,487
2008/06/06,1146,441
2008/06/07,586,237
2008/06/08,517,223
2008/06/09,1276,499
2008/06/10,1371,530
2008/06/11,1300,515
2008/06/12,1301,518
2008/06/13,1081,423
2008/06/14,516,186
2008/06/15,558,202
2008/06/16,1226,482
2008/06/17,1337,523
2008/06/18,1364,485
2008/06/19,1357,432
2008/06/20,1130,401
2008/06/21,554,202
2008/06/22,654,212
2008/06/23,1329,477
2008/06/24,1375,524
2008/06/25,1514,519
2008/06/26,1324,438
2008/06/27,1231,413
2008/06/28,513,216
2008/06/29,508,195
2008/06/30,1243,459
2008/07/01,1343,482
2008/07/02,1351,486
2008/07/03,1332,516
2008/07/04,1017,353
2008/07/05,515,176
2008/07/06,448,195
2008/07/07,1162,453
2008/07/08,1270,393
2008/07/09,1162,456
2008/07/10,1112,366
2008/07/11,999,311
2008/07/12,456,163
2008/07/13,436,177
2008/07/14,1050,379
2008/07/15,1219,407
2008/07/16,1171,367
2008/07/17,1176,365
2008/07/18,913,320
2008/07/19,392,164
2008/07/20,392,148
2008/07/21,1097,342
2008/07/22,1114,415
2008/07/23,1232,358
2008/07/24,1139,321
2008/07/25,1378,354
2008/07/26,417,155
2008/07/27,467,141
2008/07/28,1010,383
2008/07/29,1103,370
2008/07/30,1177,419
2008/07/31,1033,318
2008/08/01,985,296
2008/08/02,429,176
2008/08/03,402,135
2008/08/04,1020,358
2008/08/05,1150,375
2008/08/06,1177,384
2008/08/07,1127,344
2008/08/08,969,310
2008/08/09,356,121
2008/08/10,436,113
2008/08/11,962,318
2008/08/12,1096,338
2008/08/13,1123,320
2008/08/14,985,349
2008/08/15,799,244
2008/08/16,376,108
2008/08/17,395,107
2008/08/18,901,350
2008/08/19,1101,374
2008/08/20,1100,330
2008/08/21,1035,323
2008/08/22,827,300
2008/08/23,379,123
2008/08/24,441,127
2008/08/25,1046,310
2008/08/26,1082,360
2008/08/27,1015,366
2008/08/28,1153,358
2008/08/29,914,296
2008/08/30,397,126
2008/08/31,429,118
2008/09/01,845,258
2008/09/02,984,351
2008/09/03,1007,324
2008/09/04,1190,422
2008/09/05,932,336
2008/09/06,486,124
2008/09/07,378,150
2008/09/08,1033,392
2008/09/09,1166,413
2008/09/10,1091,357
2008/09/11,1115,378
2008/09/12,918,324
2008/09/13,467,151
2008/09/14,398,117
2008/09/15,1047,332
2008/09/16,1134,390
2008/09/17,1112,371
2008/09/18,963,382
2008/09/19,997,293
2008/09/20,468,152
2008/09/21,418,134
2008/09/22,1067,405
2008/09/23,1130,438
2008/09/24,1118,396
2008/09/25,1139,400
2008/09/26,959,316
2008/09/27,446,132
2008/09/28,449,145
2008/09/29,975,377
2008/09/30,1000,347
2008/10/01,1034,322
2008/10/02,972,305
2008/10/03,862,256
2008/10/04,415,119
2008/10/05,404,151
2008/10/06,999,399
2008/10/07,1105,387
2008/10/08,1153,393
2008/10/09,1049,379
2008/10/10,954,319
2008/10/11,395,138
2008/10/12,601,159
2008/10/13,1057,368
2008/10/14,1101,420
2008/10/15,1163,360
2008/10/16,1107,380
2008/10/17,1005,299
2008/10/18,458,155
2008/10/19,492,173
2008/10/20,1008,348
2008/10/21,1128,382
2008/10/22,1150,390
2008/10/23,1129,390
2008/10/24,896,315
2008/10/25,424,160
2008/10/26,471,133
2008/10/27,964,316
2008/10/28,1096,398
2008/10/29,1052,360
2008/10/30,1040,312
2008/10/31,880,267
2008/11/01,382,139
2008/11/02,483,159
2008/11/03,1066,383
2008/11/04,1095,382
2008/11/05,1027,385
2008/11/06,1061,387
2008/11/07,968,311
2008/11/08,487,160
2008/11/09,493,163
2008/11/10,1041,360
2008/11/11,1030,361
2008/11/12,1091,374
2008/11/13,1153,388
2008/11/14,913,343
2008/11/15,492,160
2008/11/16,444,183
2008/11/17,1008,395
2008/11/18,1040,368
2008/11/19,964,330
2008/11/20,1058,367
2008/11/21,861,306
2008/11/22,422,160
2008/11/23,398,182
2008/11/24,922,348
2008/11/25,984,364
2008/11/26,945,332
2008/11/27,662,300
2008/11/28,657,223
2008/11/29,412,145
2008/11/30,467,124
2008/12/01,953,350
2008/12/02,1087,383
2008/12/03,1089,344
2008/12/04,1027,368
2008/12/05,918,325
2008/12/06,439,138
2008/12/07,401,128
2008/12/08,944,275
2008/12/09,995,311
2008/12/10,957,280
2008/12/11,981,383
2008/12/12,889,317
2008/12/13,413,123
2008/12/14,424,149
2008/12/15,853,323
2008/12/16,938,336
2008/12/17,946,323
2008/12/18,910,302
2008/12/19,757,258
2008/12/20,381,138
2008/12/21,408,116
2008/12/22,771,238
2008/12/23,740,239
2008/12/24,528,154
2008/12/25,319,87
2008/12/26,412,133
2008/12/27,345,115
2008/12/28,323,90
2008/12/29,660,183
2008/12/30,675,203
2008/12/31,445,173
2009/01/01,318,102
2009/01/02,550,187
2009/01/03,408,120
2009/01/04,350,117
2009/01/05,819,334
2009/01/06,940,354
2009/01/07,1001,302
2009/01/08,954,336
2009/01/09,901,310
2009/01/10,461,153
2009/01/11,464,166
2009/01/12,1069,367
2009/01/13,1084,420
2009/01/14,989,321
2009/01/15,1035,378
2009/01/16,1001,317
2009/01/17,506,147
2009/01/18,445,156
2009/01/19,984,383
2009/01/20,1062,359
2009/01/21,1162,369
2009/01/22,1105,385
2009/01/23,21737,373
2009/01/24,28968,168
2009/01/25,454,156
2009/01/26,897,314
2009/01/27,1134,420
2009/01/28,1174,368
2009/01/29,1124,370
2009/01/30,940,318
2009/01/31,505,137
2009/02/01,410,133
2009/02/02,1072,340
2009/02/03,1176,374
2009/02/04,1122,408
2009/02/05,1194,362
2009/02/06,1017,318
2009/02/07,534,141
2009/02/08,511,171
2009/02/09,1136,412
2009/02/10,1196,368
2009/02/11,1214,402
2009/02/12,1145,374
2009/02/13,1050,309
2009/02/14,530,184
2009/02/15,492,151
2009/02/16,956,327
2009/02/17,1173,381
2009/02/18,1203,392
2009/02/19,1165,439
2009/02/20,1067,312
2009/02/21,485,164
2009/02/22,485,156
2009/02/23,1063,335
2009/02/24,1138,348
2009/02/25,1135,398
2009/02/26,1136,363
2009/02/27,1039,316
2009/02/28,534,160
2009/03/01,470,156
2009/03/02,1027,353
2009/03/03,1072,360
2009/03/04,1031,404
2009/03/05,1147,361
2009/03/06,918,286
2009/03/07,481,145
2009/03/08,489,164
2009/03/09,1013,326
2009/03/10,1104,337
2009/03/11,1061,371
2009/03/12,1094,350
2009/03/13,995,321
2009/03/14,473,173
2009/03/15,481,136
2009/03/16,1083,386
2009/03/17,1085,474
2009/03/18,1156,378
2009/03/19,1191,358
2009/03/20,1060,313
2009/03/21,541,155
2009/03/22,538,165
2009/03/23,1100,375
2009/03/24,1176,380
2009/03/25,1155,356
2009/03/26,1143,339
2009/03/27,939,265
2009/03/28,522,126
2009/03/29,494,119
2009/03/30,1070,321
2009/03/31,1058,348
2009/04/01,1125,345
2009/04/02,1108,388
2009/04/03,1039,295
2009/04/04,542,146
2009/04/05,470,170
2009/04/06,1044,376
2009/04/07,1178,355
2009/04/08,1213,363
2009/04/09,1036,270
2009/04/10,819,194
2009/04/11,517,148
2009/04/12,495,145
2009/04/13,978,261
2009/04/14,1162,385
2009/04/15,1098,369
2009/04/16,1166,328
2009/04/17,976,303
2009/04/18,503,129
2009/04/19,438,152
2009/04/20,961,293
2009/04/21,1166,344
2009/04/22,1087,331
2009/04/23,1173,327
2009/04/24,928,283
2009/04/25,496,163
2009/04/26,508,155
2009/04/27,1030,273
2009/04/28,1064,340
2009/04/29,1022,304
2009/04/30,967,268
2009/05/01,726,212
2009/05/02,423,125
2009/05/03,463,144
2009/05/04,929,285
2009/05/05,1127,334
2009/05/06,1133,323
2009/05/07,1104,310
2009/05/08,949,262
2009/05/09,500,135
2009/05/10,412,134
2009/05/11,1114,341
2009/05/12,1151,395
2009/05/13,1222,383
2009/05/14,1263,339
2009/05/15,1104,311
2009/05/16,445,127
2009/05/17,477,137
2009/05/18,1033,356
2009/05/19,1183,388
2009/05/20,1173,390
2009/05/21,978,365
2009/05/22,912,275
2009/05/23,450,119
2009/05/24,439,149
2009/05/25,792,253
2009/05/26,1183,339
2009/05/27,1094,381
2009/05/28,1038,319
2009/05/29,882,260
2009/05/30,485,138
2009/05/31,474,156
2009/06/01,928,332
2009/06/02,1193,364
2009/06/03,1165,362
2009/06/04,1081,383
2009/06/05,1007,269
2009/06/06,455,125
2009/06/07,438,137
2009/06/08,1098,308
2009/06/09,1122,352
2009/06/10,1116,323
2009/06/11,1154,363
2009/06/12,918,290
2009/06/13,368,171
2009/06/14,421,130
2009/06/15,1060,312
2009/06/16,1229,335
2009/06/17,1122,351
2009/06/18,1073,325
2009/06/19,979,288
2009/06/20,430,147
2009/06/21,479,123
2009/06/22,1117,338
2009/06/23,1149,344
2009/06/24,1080,338
2009/06/25,1017,323
2009/06/26,880,270
2009/06/27,389,101
2009/06/28,402,118
2009/06/29,997,329
2009/06/30,1062,344
2009/07/01,976,324
2009/07/02,1044,291
2009/07/03,761,189
2009/07/04,380,109
2009/07/05,412,103
2009/07/06,1046,294
2009/07/07,1211,320
2009/07/08,1181,291
2009/07/09,1048,317
2009/07/10,956,263
2009/07/11,413,133
2009/07/12,457,129
2009/07/13,1019,282
2009/07/14,1110,308
2009/07/15,1222,296
2009/07/16,1120,356
2009/07/17,861,262
2009/07/18,410,119
2009/07/19,430,100
2009/07/20,986,348
2009/07/21,1158,323
2009/07/22,1180,297
2009/07/23,1148,335
2009/07/24,874,237
2009/07/25,418,143
2009/07/26,392,98
2009/07/27,999,321
2009/07/28,1103,311
2009/07/29,1054,293
2009/07/30,1068,311
2009/07/31,890,267
2009/08/01,364,132
2009/08/02,381,122
2009/08/03,922,288
2009/08/04,978,325
2009/08/05,929,299
2009/08/06,1020,323
2009/08/07,866,287
2009/08/08,366,119
2009/08/09,399,87
2009/08/10,991,267
2009/08/11,1190,293
2009/08/12,1186,320
2009/08/13,1114,299
2009/08/14,839,261
2009/08/15,400,122
2009/08/16,450,121
2009/08/17,944,278
2009/08/18,1286,302
2009/08/19,1113,268
2009/08/20,1077,306
2009/08/21,919,246
2009/08/22,442,111
2009/08/23,405,109
2009/08/24,1021,266
2009/08/25,1113,304
2009/08/26,1169,309
2009/08/27,1104,279
2009/08/28,1015,267
2009/08/29,451,140
2009/08/30,464,112
2009/08/31,950,297
2009/09/01,1089,349
2009/09/02,1260,377
2009/09/03,1173,308
2009/09/04,967,233
2009/09/05,478,128
2009/09/06,455,133
2009/09/07,855,271
2009/09/08,1075,350
2009/09/09,1220,359
2009/09/10,1149,339
2009/09/11,957,285
2009/09/12,480,120
2009/09/13,441,111
2009/09/14,1085,321
2009/09/15,1193,349
2009/09/16,1125,308
2009/09/17,1112,265
2009/09/18,991,265
2009/09/19,475,114
2009/09/20,485,120
2009/09/21,794,208
2009/09/22,480,120
2009/09/23,441,111
2009/09/24,1085,321
2009/09/25,1193,349
2009/09/26,1125,308
2009/09/27,1112,265
2009/09/28,991,265
2009/09/29,475,114
2009/09/30,485,120
2009/10/01,1061,270
2009/10/02,963,260
2009/10/03,454,151
2009/10/04,460,109
2009/10/05,1033,324
2009/10/06,1073,294
2009/10/07,1035,289
2009/10/08,1125,296
2009/10/09,952,254
2009/10/10,518,133
2009/10/11,492,126
2009/10/12,932,316
2009/10/13,1068,316
2009/10/14,1185,320
2009/10/15,1068,316
2009/10/16,879,246
2009/10/17,369,130
2009/10/18,407,101
2009/10/19,973,292
2009/10/20,1088,325
2009/10/21,1080,296
2009/10/22,1246,315
2009/10/23,1100,259
2009/10/24,468,151
2009/10/25,510,184
2009/10/26,1012,335
2009/10/27,1126,318
2009/10/28,1270,326
2009/10/29,1218,294
2009/10/30,972,276
2009/10/31,460,159
2009/11/01,462,128
2009/11/02,953,250
2009/11/03,1275,305
2009/11/04,1188,331
2009/11/05,1243,286
2009/11/06,1053,293
2009/11/07,552,138
2009/11/08,571,127
2009/11/09,1174,338
2009/11/10,1227,356
2009/11/11,1203,332
2009/11/12,1259,319
2009/11/13,981,276
2009/11/14,609,147
2009/11/15,558,135
2009/11/16,1065,305
2009/11/17,987,292
2009/11/18,1016,280
2009/11/19,928,262
2009/11/20,923,233
2009/11/21,474,108
2009/11/22,424,103
2009/11/23,881,239
2009/11/24,998,251
2009/11/25,1046,268
2009/11/26,717,170
2009/11/27,715,184
2009/11/28,442,113
2009/11/29,442,102
2009/11/30,903,212
2009/12/01,948,234
2009/12/02,975,247
2009/12/03,1090,250
2009/12/04,1010,258
2009/12/05,527,126
2009/12/06,463,111
2009/12/07,899,228
2009/12/08,925,242
2009/12/09,948,244
2009/12/10,1011,251
2009/12/11,1031,252
2009/12/12,520,109
2009/12/13,433,110
2009/12/14,885,229
2009/12/15,910,239
2009/12/16,999,233
2009/12/17,1033,251
2009/12/18,977,192
2009/12/19,455,112
2009/12/20,424,97
2009/12/21,1064,190
2009/12/22,971,217
2009/12/23,855,172
2009/12/24,540,117
2009/12/25,328,68
2009/12/26,376,96
2009/12/27,341,104
2009/12/28,635,174
2009/12/29,734,184
2009/12/30,692,155
2009/12/31,488,99
2010/01/01,366,77
2010/01/02,386,78
2010/01/03,406,82
2010/01/04,720,166
2010/01/05,817,195
2010/01/06,1081,227
2010/01/07,1009,260
2010/01/08,1057,229
2010/01/09,638,107
2010/01/10,488,107
2010/01/11,965,218
2010/01/12,1140,320
2010/01/13,1166,325
2010/01/14,1140,266
2010/01/15,1053,268
2010/01/16,518,122
2010/01/17,508,111
2010/01/18,1023,269
2010/01/19,1108,312
2010/01/20,1134,258
2010/01/21,1195,261
2010/01/22,1120,221
2010/01/23,1096,220
2010/01/24,1096,220
2010/01/25,1120,262
2010/01/26,1079,262
2010/01/27,1233,270
2010/01/28,1259,285
2010/01/29,1101,270
2010/01/30,618,108
2010/01/31,569,139
2010/02/01,1206,257
2010/02/02,1337,292
2010/02/03,1398,336
2010/02/04,1469,322
2010/02/05,1241,258
2010/02/06,663,120
2010/02/07,630,108
2010/02/08,968,224
2010/02/09,1197,283
2010/02/10,1203,315
2010/02/11,1216,305
2010/02/12,1039,239
2010/02/13,615,100
2010/02/14,500,121
2010/02/15,1045,220
2010/02/16,1196,270
2010/02/17,1213,258
2010/02/18,1102,276
2010/02/19,1076,242
2010/02/20,642,150
2010/02/21,602,113
2010/02/22,1157,287
2010/02/23,1217,297
2010/02/24,1219,241
2010/02/25,978,227
2010/02/26,993,192
2010/02/27,582,109
2010/02/28,521,123
2010/03/01,961,238
2010/03/02,1092,294
2010/03/03,1194,289
2010/03/04,1071,259
2010/03/05,1114,218
2010/03/06,626,135
2010/03/07,562,100
2010/03/08,1046,291
2010/03/09,1164,275
2010/03/10,1173,291
2010/03/11,1127,260
2010/03/12,1010,219
2010/03/13,627,106
2010/03/14,556,110
2010/03/15,1028,263
2010/03/16,1046,190
2010/03/17,1125,227
2010/03/18,1162,275
2010/03/19,1209,230
2010/03/20,705,99
2010/03/21,510,108
2010/03/22,1091,222
2010/03/23,1245,259
2010/03/24,1492,266
2010/03/25,1229,242
2010/03/26,1132,206
2010/03/27,659,124
2010/03/28,548,112
2010/03/29,1072,261
2010/03/30,1174,246
2010/03/31,1196,269
2010/04/01,1027,241
2010/04/02,762,131
2010/04/03,600,88
2010/04/04,464,107
2010/04/05,818,210
2010/04/06,1001,184
2010/04/07,1153,232
2010/04/08,1190,264
2010/04/09,1061,255
2010/04/10,554,112
2010/04/11,519,121
2010/04/12,1025,223
2010/04/13,1072,270
2010/04/14,1067,251
2010/04/15,1133,232
2010/04/16,1130,242
2010/04/17,609,126
2010/04/18,526,126
2010/04/19,1063,255
2010/04/20,1535,245
2010/04/21,1153,261
2010/04/22,1278,263
2010/04/23,1147,207
2010/04/24,612,117
2010/04/25,591,120
2010/04/26,1103,244
2010/04/27,1188,268
2010/04/28,1158,284
2010/04/29,1124,254
2010/04/30,1068,246
2010/05/01,534,134
2010/05/02,553,127
2010/05/03,945,240
2010/05/04,1169,287
2010/05/05,1089,254
2010/05/06,1190,282
2010/05/07,1092,280
2010/05/08,548,129
2010/05/09,597,137
2010/05/10,1030,223
2010/05/11,1066,319
2010/05/12,1039,277
2010/05/13,874,236
2010/05/14,821,217
2010/05/15,517,125
2010/05/16,500,143
2010/05/17,914,241
2010/05/18,864,197
2010/05/19,875,207
2010/05/20,1183,270
2010/05/21,1066,236
2010/05/22,602,126
2010/05/23,561,152
2010/05/24,993,276
2010/05/25,1012,283
2010/05/26,1285,287
2010/05/27,1010,258
2010/05/28,849,195
2010/05/29,576,123
2010/05/30,502,100
2010/05/31,722,166
2010/06/01,964,222
2010/06/02,1067,283
2010/06/03,1083,277
2010/06/04,1088,250
2010/06/05,476,114
2010/06/06,427,106
2010/06/07,977,239
2010/06/08,951,244
2010/06/09,1089,234
2010/06/10,999,213
2010/06/11,648,163
2010/06/12,931,249
2010/06/13,1016,227
2010/06/14,1111,246
2010/06/15,985,226
2010/06/16,866,207
2010/06/17,1095,222
2010/06/18,871,188
2010/06/19,502,105
2010/06/20,425,97
2010/06/21,998,220
2010/06/22,995,248
2010/06/23,1111,231
2010/06/24,893,160
2010/06/25,815,159
2010/06/26,407,75
2010/06/27,391,62
2010/06/28,745,142
2010/06/29,985,177
2010/06/30,1166,184
2010/07/01,1031,166
2010/07/02,923,162
2010/07/03,424,78
2010/07/04,389,70
2010/07/05,425,88
2010/07/06,833,139
2010/07/07,842,134
2010/07/08,833,139
2010/07/09,842,134
2010/07/10,405,63
2010/07/11,375,56
2010/07/12,833,147
2010/07/13,926,125
2010/07/14,903,163
2010/07/15,876,166
2010/07/16,864,133
2010/07/17,508,55
2010/07/18,438,51
2010/07/19,899,140
2010/07/20,960,147
2010/07/21,840,144
2010/07/22,1211,195
2010/07/23,1214,164
2010/07/24,564,94
2010/07/25,575,82
2010/07/26,1309,192
2010/07/27,1409,201
2010/07/28,1326,249
2010/07/29,1428,183
2010/07/30,1185,163
2010/07/31,551,90
2010/08/01,578,96
2010/08/02,1223,192
2010/08/03,1408,236
2010/08/04,1427,249
2010/08/05,1355,241
2010/08/06,1379,189
2010/08/07,549,76
2010/08/08,586,115
2010/08/09,1264,214
2010/08/10,1345,218
2010/08/11,1446,230
2010/08/12,1299,234
2010/08/13,1175,154
2010/08/14,555,90
2010/08/15,560,94
2010/08/16,1221,217
2010/08/17,1292,239
2010/08/18,1295,218
2010/08/19,1318,230
2010/08/20,1171,204
2010/08/21,557,74
2010/08/22,513,88
2010/08/23,1374,192
2010/08/24,1334,210
2010/08/25,1406,213
2010/08/26,1403,245
2010/08/27,1205,199
2010/08/28,567,84
2010/08/29,558,82
2010/08/30,1217,206
2010/08/31,1264,204
2010/09/01,1391,211
2010/09/02,1322,231
2010/09/03,1110,215
2010/09/04,611,82
2010/09/05,547,80
2010/09/06,1101,166
2010/09/07,1362,231
2010/09/08,1373,214
2010/09/09,1378,207
2010/09/10,1183,169
2010/09/11,533,86
2010/09/12,620,89
2010/09/13,1378,208
2010/09/14,1407,237
2010/09/15,1492,243
2010/09/16,1493,236
2010/09/17,1282,203
2010/09/18,580,82
2010/09/19,688,93
2010/09/20,1444,215
2010/09/21,1425,241
2010/09/22,1471,241
2010/09/23,1385,259
2010/09/24,1318,226
2010/09/25,614,110
2010/09/26,689,95
2010/09/27,1346,239
2010/09/28,1471,275
2010/09/29,1464,229
2010/09/30,1312,219
2010/10/01,1152,196
2010/10/02,551,121
2010/10/03,558,122
2010/10/04,1362,229
2010/10/05,1507,247
2010/10/06,1375,334
2010/10/07,1385,307
2010/10/08,1272,203
2010/10/09,615,108
2010/10/10,698,112
2010/10/11,1268,229
2010/10/12,1394,227
2010/10/13,1438,276
2010/10/14,1450,252
2010/10/15,1182,220
2010/10/16,612,90
2010/10/17,640,98
2010/10/18,1434,264
2010/10/19,1472,263
2010/10/20,1419,260
2010/10/21,1401,262
2010/10/22,1273,229
2010/10/23,628,91
2010/10/24,606,96
2010/10/25,1431,265
2010/10/26,1519,269
2010/10/27,1377,278
2010/10/28,1284,234
2010/10/29,1111,185
2010/10/30,599,89
2010/10/31,643,98
2010/11/01,1145,216
2010/11/02,1339,224
2010/11/03,1283,237
2010/11/04,1214,226
2010/11/05,1023,166
2010/11/06,503,81
2010/11/07,555,101
2010/11/08,1351,247
2010/11/09,1371,232
2010/11/10,1342,251
2010/11/11,1328,266
2010/11/12,1263,201
2010/11/13,599,100
2010/11/14,558,103
2010/11/15,1285,233
2010/11/16,1329,227
2010/11/17,1195,244
2010/11/18,1305,235
2010/11/19,1111,190
2010/11/20,604,103
2010/11/21,569,87
2010/11/22,1299,249
2010/11/23,1373,236
2010/11/24,1223,222
2010/11/25,1078,206
2010/11/26,909,173
2010/11/27,525,79
2010/11/28,607,108
2010/11/29,1356,223
2010/11/30,1303,216
2010/12/01,1372,221
2010/12/02,1297,227
2010/12/03,1148,212
2010/12/04,599,113
2010/12/05,617,83
2010/12/06,1158,244
2010/12/07,1361,233
2010/12/08,1346,267
2010/12/09,1311,211
2010/12/10,1165,169
2010/12/11,599,78
2010/12/12,580,77
2010/12/13,1288,217
2010/12/14,1408,209
2010/12/15,1305,214
2010/12/16,1302,213
2010/12/17,1133,181
2010/12/18,561,82
2010/12/19,626,96
2010/12/20,1179,185
2010/12/21,1204,188
2010/12/22,1255,173
2010/12/23,973,161
2010/12/24,554,70
2010/12/25,351,59
2010/12/26,531,71
2010/12/27,867,125
2010/12/28,989,135
2010/12/29,975,159
2010/12/30,879,139
2010/12/31,575,85
2011/01/01,434,62
2011/01/02,498,89
2011/01/03,1028,164
2011/01/04,1183,217
2011/01/05,1307,219
2011/01/06,1368,236
2011/01/07,1220,228
2011/01/08,684,109
2011/01/09,606,88
2011/01/10,1297,244
2011/01/11,1514,289
2011/01/12,1446,263
2011/01/13,1430,256
2011/01/14,1268,190
2011/01/15,701,115
2011/01/16,755,81
2011/01/17,1463,234
2011/01/18,1549,236
2011/01/19,1589,239
2011/01/20,1576,268
2011/01/21,1439,221
2011/01/22,776,96
2011/01/23,747,127
2011/01/24,1522,301
2011/01/25,1556,262
2011/01/26,1297,234
2011/01/27,1458,286
2011/01/28,1305,218
2011/01/29,661,108
2011/01/30,653,106
2011/01/31,1356,247
2011/02/01,1605,268
2011/02/02,1574,279
2011/02/03,1523,249
2011/02/04,1348,233
2011/02/05,717,99
2011/02/06,754,118
2011/02/07,1456,255
2011/02/08,1485,246
2011/02/09,1608,235
2011/02/10,1569,244
2011/02/11,1332,220
2011/02/12,642,105
2011/02/13,673,94
2011/02/14,1491,194
2011/02/15,1413,251
2011/02/16,1596,245
2011/02/17,1424,250
2011/02/18,1450,203
2011/02/19,624,80
2011/02/20,717,106
2011/02/21,1383,229
2011/02/22,1520,258
2011/02/23,1538,238
2011/02/24,1518,273
2011/02/25,1306,213
2011/02/26,645,104
2011/02/27,687,134
2011/02/28,1538,261
2011/03/01,1567,250
2011/03/02,1521,257
2011/03/03,1560,275
2011/03/04,1358,238
2011/03/05,711,114
2011/03/06,698,108
2011/03/07,1352,263
2011/03/08,1548,238
2011/03/09,1513,256
2011/03/10,1535,241
2011/03/11,1274,154
2011/03/12,639,91
2011/03/13,691,121
2011/03/14,1424,233
2011/03/15,1465,235
2011/03/16,1451,262
2011/03/17,1409,252
2011/03/18,1306,194
2011/03/19,680,113
2011/03/20,678,97
2011/03/21,1422,239
2011/03/22,1549,281
2011/03/23,1517,294
2011/03/24,1489,243
2011/03/25,1338,202
2011/03/26,663,108
2011/03/27,736,105
2011/03/28,1422,249
2011/03/29,1488,215
2011/03/30,1317,198
2011/03/31,1370,256
2011/04/01,1246,195
2011/04/02,556,86
2011/04/03,580,98
2011/04/04,1281,217
2011/04/05,1446,253
2011/04/06,1554,270
2011/04/07,1513,295
2011/04/08,1300,290
2011/04/09,643,113
2011/04/10,659,116
2011/04/11,1422,311
2011/04/12,1433,311
2011/04/13,1485,263
2011/04/14,1363,271
2011/04/15,1282,250
2011/04/16,654,128
2011/04/17,647,132
2011/04/18,1338,225
2011/04/19,1465,313
2011/04/20,1483,328
2011/04/21,1245,263
2011/04/22,942,180
2011/04/23,578,105
2011/04/24,570,112
2011/04/25,1103,235
2011/04/26,1380,301
2011/04/27,1414,317
2011/04/28,1420,271
2011/04/29,1141,240
2011/04/30,623,102
2011/05/01,606,120
2011/05/02,1245,244
2011/05/03,1431,303
2011/05/04,1477,332
2011/05/05,1449,279
2011/05/06,1339,256
2011/05/07,658,94
2011/05/08,608,119
2011/05/09,1425,305
2011/05/10,1557,302
2011/05/11,1578,292
2011/05/12,1539,269
2011/05/13,1288,243
2011/05/14,542,119
2011/05/15,722,123
2011/05/16,1425,293
2011/05/17,1475,329
2011/05/18,1441,268
2011/05/19,1414,256
2011/05/20,1216,234
2011/05/21,559,101
2011/05/22,644,94
2011/05/23,1299,248
2011/05/24,1368,284
2011/05/25,1478,299
2011/05/26,1573,269
2011/05/27,1293,200
2011/05/28,558,110
2011/05/29,586,131
2011/05/30,1126,198
2011/05/31,1423,255
2011/06/01,1436,286
2011/06/02,1359,255
2011/06/03,1123,230
2011/06/04,577,85
2011/06/05,552,107
2011/06/06,1220,274
2011/06/07,1466,280
2011/06/08,1440,315
2011/06/09,1479,299
2011/06/10,1310,227
2011/06/11,601,106
2011/06/12,683,109
2011/06/13,1263,250
2011/06/14,1469,283
2011/06/15,1466,275
2011/06/16,1443,313
2011/06/17,1289,259
2011/06/18,646,118
2011/06/19,570,126
2011/06/20,1322,349
2011/06/21,1470,324
2011/06/22,1383,313
2011/06/23,1445,299
2011/06/24,1265,249
2011/06/25,565,128
2011/06/26,540,112
2011/06/27,1351,250
2011/06/28,1415,297
2011/06/29,1413,263
2011/06/30,1382,231
2011/07/01,1188,187
2011/07/02,629,85
2011/07/03,589,100
2011/07/04,1113,218
2011/07/05,1384,278
2011/07/06,1545,286
2011/07/07,1453,262
2011/07/08,1205,231
2011/07/09,571,112
2011/07/10,562,106
2011/07/11,1322,254
2011/07/12,1425,297
2011/07/13,1421,248
2011/07/14,1439,272
2011/07/15,1184,223
2011/07/16,579,85
2011/07/17,508,137
2011/07/18,1273,311
2011/07/19,1424,286
2011/07/20,1425,268
2011/07/21,1521,274
2011/07/22,1246,225
2011/07/23,605,98
2011/07/24,599,131
2011/07/25,1365,284
2011/07/26,1402,302
2011/07/27,1457,292
2011/07/28,1501,262
2011/07/29,1223,222
2011/07/30,576,102
2011/07/31,534,115
2011/08/01,1229,273
2011/08/02,1529,294
2011/08/03,1402,253
2011/08/04,1380,273
2011/08/05,1226,201
2011/08/06,597,107
2011/08/07,575,103
2011/08/08,1362,277
2011/08/09,1371,262
2011/08/10,1400,289
2011/08/11,1338,257
2011/08/12,1172,190
2011/08/13,558,89
2011/08/14,500,92
2011/08/15,928,217
2011/08/16,1292,221
2011/08/17,1282,201
2011/08/18,1245,190
2011/08/19,1212,229
2011/08/20,632,76
2011/08/21,571,82
2011/08/22,1203,220
2011/08/23,1519,232
2011/08/24,1236,208
2011/08/25,1314,259
2011/08/26,1148,234
2011/08/27,555,97
2011/08/28,593,84
2011/08/29,1039,187
2011/08/30,1124,235
2011/08/31,1139,193
2011/09/01,1186,230
2011/09/02,1077,219
2011/09/03,546,80
2011/09/04,489,87
2011/09/05,920,153
2011/09/06,1140,202
2011/09/07,1181,218
2011/09/08,1157,204
2011/09/09,1135,194
2011/09/10,550,103
2011/09/11,529,104
2011/09/12,1137,203
2011/09/13,1174,207
2011/09/14,1127,198
2011/09/15,1245,244
2011/09/16,1140,215
2011/09/17,605,118
2011/09/18,532,107
2011/09/19,1173,211
2011/09/20,1194,232
2011/09/21,1141,235
2011/09/22,1223,252
2011/09/23,1098,215
2011/09/24,508,124
2011/09/25,495,97
2011/09/26,1076,206
2011/09/27,1126,224
2011/09/28,1180,213
2011/09/29,1183,242
2011/09/30,1287,220
2011/10/01,568,105
2011/10/02,529,123
2011/10/03,1299,269
2011/10/04,1445,294
2011/10/05,1433,286
2011/10/06,1214,240
2011/10/07,1129,204
2011/10/08,695,93
2011/10/09,670,113
2011/10/10,1265,226
2011/10/11,1340,251
2011/10/12,1391,264
2011/10/13,1414,293
2011/10/14,1219,256
2011/10/15,601,98
2011/10/16,578,118
2011/10/17,1312,262
2011/10/18,1476,253
2011/10/19,1398,259
2011/10/20,1390,254
2011/10/21,1292,235
2011/10/22,529,88
2011/10/23,546,103
2011/10/24,1157,230
2011/10/25,1248,209
2011/10/26,1190,206
2011/10/27,1245,194
2011/10/28,1180,233
2011/10/29,590,108
2011/10/30,636,94
2011/10/31,1264,219
2011/11/01,1334,247
2011/11/02,1464,259
2011/11/03,1560,237
2011/11/04,1377,268
2011/11/05,672,97
2011/11/06,730,107
2011/11/07,1410,255
2011/11/08,1568,254
2011/11/09,1549,251
2011/11/10,1567,248
2011/11/11,1236,231
2011/11/12,708,117
2011/11/13,729,112
2011/11/14,1571,290
2011/11/15,1565,292
2011/11/16,1529,264
2011/11/17,1481,264
2011/11/18,1342,246
2011/11/19,648,119
2011/11/20,673,118
2011/11/21,1284,253
2011/11/22,1406,264
2011/11/23,1377,255
2011/11/24,1092,217
2011/11/25,1033,160
2011/11/26,602,75
2011/11/27,648,104
2011/11/28,1378,244
2011/11/29,1435,275
2011/11/30,1460,289
2011/12/01,1413,263
2011/12/02,1155,223
2011/12/03,623,116
2011/12/04,664,128
2011/12/05,1370,275
2011/12/06,1457,268
2011/12/07,1549,259
2011/12/08,1345,236
2011/12/09,1236,225
2011/12/10,635,96
2011/12/11,644,112
2011/12/12,1271,305
2011/12/13,1365,287
2011/12/14,1529,220
2011/12/15,1400,222
2011/12/16,1235,214
2011/12/17,551,102
2011/12/18,559,74
2011/12/19,1277,236
2011/12/20,1336,223
2011/12/21,1380,187
2011/12/22,1192,195
2011/12/23,912,72
2011/12/24,912,72
2011/12/25,912,72
2011/12/26,850,78
2011/12/27,891,156
2011/12/28,978,218
2011/12/29,1039,142
2011/12/30,836,161
2011/12/31,482,76
2012/01/01,443,78
2012/01/02,883,169
2012/01/03,1381,232
2012/01/04,1392,274
2012/01/05,1385,263
2012/01/06,1355,253
2012/01/07,660,131
2012/01/08,726,109
2012/01/09,1434,283
2012/01/10,1594,286
2012/01/11,1702,303
2012/01/12,1597,310
2012/01/13,1287,226
2012/01/14,591,99
2012/01/15,655,121
2012/01/16,1285,265
2012/01/17,1532,269
2012/01/18,1878,330
2012/01/19,1495,312
2012/01/20,1423,232
2012/01/21,652,120
2012/01/22,715,109
2012/01/23,1349,261
2012/01/24,1613,326
2012/01/25,1715,270
2012/01/26,1415,243
2012/01/27,1285,223
2012/01/28,711,115
2012/01/29,688,129
2012/01/30,1461,260
2012/01/31,1618,297
2012/02/01,1670,286
2012/02/02,1599,275
2012/02/03,1439,255
2012/02/04,703,106
2012/02/05,726,111
2012/02/06,1494,262
2012/02/07,1537,303
2012/02/08,1588,329
2012/02/09,1661,288
2012/02/10,1373,276
2012/02/11,680,134
2012/02/12,813,114
2012/02/13,1541,290
2012/02/14,1563,262
2012/02/15,1693,280
2012/02/16,1605,308
2012/02/17,1350,249
2012/02/18,701,124
2012/02/19,792,108
2012/02/20,1279,266
2012/02/21,1663,301
2012/02/22,1649,328
2012/02/23,1719,306
2012/02/24,1435,275
2012/02/25,728,115
2012/02/26,752,133
2012/02/27,1456,245
2012/02/28,1571,291
2012/02/29,1726,268
2012/03/01,1607,311
2012/03/02,1416,234
2012/03/03,764,113
2012/03/04,780,129
2012/03/05,1490,260
2012/03/06,1580,257
2012/03/07,1598,298
2012/03/08,1501,295
2012/03/09,1409,210
2012/03/10,702,113
2012/03/11,783,120
2012/03/12,1564,261
2012/03/13,1597,293
2012/03/14,1625,271
2012/03/15,1653,291
2012/03/16,1525,207
2012/03/17,935,125
2012/03/18,950,108
2012/03/19,2308,278
2012/03/20,3217,302
2012/03/21,2977,268
2012/03/22,2711,261
2012/03/23,2521,205
2012/03/24,1299,74
2012/03/25,3615,111
2012/03/26,2680,262
2012/03/27,2202,256
2012/03/28,2020,281
2012/03/29,2030,254
2012/03/30,1648,209
2012/03/31,985,89
2012/04/01,979,111
2012/04/02,1708,247
2012/04/03,1786,249
2012/04/04,1810,249
2012/04/05,1524,203
2012/04/06,1172,153
2012/04/07,765,94
2012/04/08,766,102
2012/04/09,1357,204
2012/04/10,1767,265
2012/04/11,1634,240
2012/04/12,1888,246
2012/04/13,1491,224
2012/04/14,785,103
2012/04/15,890,86
2012/04/16,1606,240
2012/04/17,1642,270
2012/04/18,1784,311
2012/04/19,1717,290
2012/04/20,1491,244
2012/04/21,809,105
2012/04/22,870,110
2012/04/23,1567,257
2012/04/24,1719,248
2012/04/25,1548,258
2012/04/26,1705,266
2012/04/27,1392,195
2012/04/28,734,114
2012/04/29,713,119
2012/04/30,1353,229
2012/05/01,1302,208
2012/05/02,1480,307
2012/05/03,1554,258
2012/05/04,1382,252
2012/05/05,713,123
2012/05/06,750,89
2012/05/07,1493,256
2012/05/08,1599,299
2012/05/09,1682,227
2012/05/10,1556,246
2012/05/11,1337,199
2012/05/12,683,111
2012/05/13,727,104
2012/05/14,1534,215
2012/05/15,1687,243
2012/05/16,1678,252
2012/05/17,1498,252
2012/05/18,1376,233
2012/05/19,716,101
2012/05/20,733,104
2012/05/21,1527,276
2012/05/22,1605,245
2012/05/23,1572,270
2012/05/24,1555,243
2012/05/25,1278,199
2012/05/26,671,95
2012/05/27,677,80
2012/05/28,1184,180
2012/05/29,1750,252
2012/05/30,1706,287
2012/05/31,1456,242
2012/06/01,1357,206
2012/06/02,610,119
2012/06/03,671,91
2012/06/04,1412,251
2012/06/05,1652,245
2012/06/06,1667,249
2012/06/07,1522,233
2012/06/08,1339,191
2012/06/09,670,92
2012/06/10,703,97
2012/06/11,1462,285
2012/06/12,1491,254
2012/06/13,1532,259
2012/06/14,1495,238
2012/06/15,1327,214
2012/06/16,598,88
2012/06/17,641,91
2012/06/18,1438,239
2012/06/19,1559,279
2012/06/20,1576,234
2012/06/21,1502,247
2012/06/22,1342,184
2012/06/23,653,90
2012/06/24,659,86
2012/06/25,1453,214
2012/06/26,1537,205
2012/06/27,1447,204
2012/06/28,1391,194
2012/06/29,1274,160
2012/06/30,676,79
2012/07/01,663,75
2012/07/02,1420,200
2012/07/03,1502,199
2012/07/04,1205,162
2012/07/05,1510,221
2012/07/06,1241,168
2012/07/07,658,85
2012/07/08,657,99
2012/07/09,1412,213
2012/07/10,1503,246
2012/07/11,1532,222
2012/07/12,1511,232
2012/07/13,1333,158
2012/07/14,633,82
2012/07/15,720,81
2012/07/16,1354,261
2012/07/17,1555,265
2012/07/18,1504,199
2012/07/19,1437,203
2012/07/20,1276,160
2012/07/21,656,82
2012/07/22,714,80
2012/07/23,1375,218
2012/07/24,1440,218
2012/07/25,1734,229
2012/07/26,1620,218
2012/07/27,1260,169
2012/07/28,569,71
2012/07/29,542,77
2012/07/30,1373,194
2012/07/31,1385,204
2012/08/01,1445,202
2012/08/02,1322,198
2012/08/03,1114,141
2012/08/04,560,72
2012/08/05,604,66
2012/08/06,1216,191
2012/08/07,1466,234
2012/08/08,1445,236
2012/08/09,1349,247
2012/08/10,1265,169
2012/08/11,642,69
2012/08/12,599,89
2012/08/13,1348,224
2012/08/14,1477,233
2012/08/15,1264,205
2012/08/16,1320,206
2012/08/17,1253,159
2012/08/18,544,104
2012/08/19,581,69
2012/08/20,1381,194
2012/08/21,1592,252
2012/08/22,1539,229
2012/08/23,1506,237
2012/08/24,1214,215
2012/08/25,680,73
2012/08/26,762,96
2012/08/27,1423,201
2012/08/28,1625,255
2012/08/29,1555,250
2012/08/30,1578,234
2012/08/31,1330,197
2012/09/01,620,91
2012/09/02,638,89
2012/09/03,1141,157
2012/09/04,1545,211
2012/09/05,1595,234
2012/09/06,1602,252
2012/09/07,1356,210
2012/09/08,664,92
2012/09/09,734,79
2012/09/10,1618,261
2012/09/11,1627,215
2012/09/12,1584,286
2012/09/13,1509,284
2012/09/14,1483,206
2012/09/15,707,71
2012/09/16,666,97
2012/09/17,1467,258
2012/09/18,1637,243
2012/09/19,1515,253
2012/09/20,1477,221
2012/09/21,1473,198
2012/09/22,646,68
2012/09/23,659,102
2012/09/24,1544,215
2012/09/25,1546,255
2012/09/26,1613,250
2012/09/27,1628,253
2012/09/28,1383,188
2012/09/29,665,79
2012/09/30,644,101
2012/10/01,1518,194
2012/10/02,1392,214
2012/10/03,1624,267
2012/10/04,1581,217
2012/10/05,1389,206
2012/10/06,773,105
2012/10/07,693,83
2012/10/08,1506,215
2012/10/09,1716,240
2012/10/10,1875,279
2012/10/11,1775,233
2012/10/12,1422,209
2012/10/13,746,101
2012/10/14,745,112
2012/10/15,1618,236
2012/10/16,1663,276
2012/10/17,1722,227
2012/10/18,1620,248
2012/10/19,1426,193
2012/10/20,774,94
2012/10/21,705,72
2012/10/22,1599,221
2012/10/23,1662,196
2012/10/24,1443,199
2012/10/25,1543,210
2012/10/26,1308,144
2012/10/27,719,84
2012/10/28,712,85
2012/10/29,1525,177
2012/10/30,1504,158
2012/10/31,1531,212
2012/11/01,1455,199
2012/11/02,1351,165
2012/11/03,818,95
2012/11/04,760,81
2012/11/05,1550,220
2012/11/06,1705,254
2012/11/07,1567,229
2012/11/08,1609,216
2012/11/09,1419,199
2012/11/10,689,80
2012/11/11,722,87
2012/11/12,1399,193
2012/11/13,1349,203
2012/11/14,1506,203
2012/11/15,1453,204
2012/11/16,1360,170
2012/11/17,696,100
2012/11/18,764,89
2012/11/19,1405,227
2012/11/20,1642,242
2012/11/21,1468,242
2012/11/22,1352,154
2012/11/23,1171,156
2012/11/24,768,63
2012/11/25,746,89
2012/11/26,1635,251
2012/11/27,1656,240
2012/11/28,1580,259
2012/11/29,1633,229
2012/11/30,1487,202
2012/12/01,672,83
2012/12/02,786,94
2012/12/03,1488,210
2012/12/04,1623,217
2012/12/05,1940,240
2012/12/06,1643,195
2012/12/07,1407,195
2012/12/08,796,88
2012/12/09,807,94
2012/12/10,1514,217
2012/12/11,1754,279
2012/12/12,1736,232
2012/12/13,1653,238
2012/12/14,1397,191
2012/12/15,697,71
2012/12/16,744,95
2012/12/17,1444,215
2012/12/18,1552,238
2012/12/19,1509,187
2012/12/20,1321,192
2012/12/21,1391,143
2012/12/22,837,68
2012/12/23,747,80
2012/12/24,740,97
2012/12/25,717,70
2012/12/26,1038,117
2012/12/27,1143,146
2012/12/28,1088,154
2012/12/29,642,75
2012/12/30,580,80
2012/12/31,782,100
2013/01/01,518,66
2013/01/02,1278,181
2013/01/03,1471,210
2013/01/04,1515,185
2013/01/05,752,92
2013/01/06,760,89
2013/01/07,1557,274
2013/01/08,1735,242
2013/01/09,1799,240
2013/01/10,1772,260
2013/01/11,1510,174
2013/01/12,761,85
2013/01/13,763,95
2013/01/14,1488,217
2013/01/15,1857,216
2013/01/16,1867,249
2013/01/17,1924,210
2013/01/18,1814,169
2013/01/19,809,88
2013/01/20,847,100
2013/01/21,1641,204
2013/01/22,2016,222
2013/01/23,1963,261
2013/01/24,1762,230
2013/01/25,1527,202
2013/01/26,870,86
2013/01/27,891,107
2013/01/28,1779,210
2013/01/29,1757,246
2013/01/30,1818,259
2013/01/31,1666,204
2013/02/01,1554,192
2013/02/02,887,83
2013/02/03,865,102
2013/02/04,1803,164
2013/02/05,1837,239
2013/02/06,1857,231
2013/02/07,1849,222
2013/02/08,1552,196
2013/02/09,735,107
2013/02/10,763,91
2013/02/11,1558,169
2013/02/12,1831,233
2013/02/13,1782,236
2013/02/14,1776,206
2013/02/15,1622,164
2013/02/16,810,87
2013/02/17,860,91
2013/02/18,1645,183
2013/02/19,1760,231
2013/02/20,1885,193
2013/02/21,1770,248
2013/02/22,1642,186
2013/02/23,852,94
2013/02/24,910,73
2013/02/25,1698,199
2013/02/26,1792,204
2013/02/27,1876,195
2013/02/28,1805,213
2013/03/01,1613,184
2013/03/02,874,94
2013/03/03,816,68
2013/03/04,1767,208
2013/03/05,1877,191
2013/03/06,1799,214
2013/03/07,1871,170
2013/03/08,1591,164
2013/03/09,806,86
2013/03/10,795,79
2013/03/11,1746,196
2013/03/12,1847,208
2013/03/13,1919,243
2013/03/14,1868,223
2013/03/15,1602,177
2013/03/16,833,81
2013/03/17,846,63
2013/03/18,1716,211
2013/03/19,1908,216
2013/03/20,1917,233
2013/03/21,2026,206
2013/03/22,1637,198
2013/03/23,837,85
2013/03/24,942,80
2013/03/25,1600,194
2013/03/26,1742,187
2013/03/27,1628,176
2013/03/28,1532,193
2013/03/29,1222,128
2013/03/30,789,61
2013/03/31,778,61
2013/04/01,1392,152
2013/04/02,1827,202
2013/04/03,1846,221
2013/04/04,1805,192
2013/04/05,1550,171
2013/04/06,775,77
2013/04/07,834,94
2013/04/08,1812,213
2013/04/09,1756,191
2013/04/10,1762,204
2013/04/11,1689,175
2013/04/12,1611,161
2013/04/13,781,72
2013/04/14,719,60
2013/04/15,1620,178
2013/04/16,1708,208
2013/04/17,1847,196
2013/04/18,1806,231
2013/04/19,1534,163
2013/04/20,815,77
2013/04/21,799,79
2013/04/22,1726,190
2013/04/23,1773,201
2013/04/24,1740,189
2013/04/25,1682,182
2013/04/26,1496,159
2013/04/27,748,72
2013/04/28,792,53
2013/04/29,1601,158
2013/04/30,1565,184
2013/05/01,1400,159
2013/05/02,1637,136
2013/05/03,1386,155
2013/05/04,699,80
2013/05/05,702,69
2013/05/06,1481,157
2013/05/07,1625,162
2013/05/08,1576,169
2013/05/09,1639,167
2013/05/10,1429,175
2013/05/11,696,65
2013/05/12,758,70
2013/05/13,1510,194
2013/05/14,1720,191
2013/05/15,1703,176
2013/05/16,1682,170
2013/05/17,1468,192
2013/05/18,736,77
2013/05/19,813,81
2013/05/20,1447,179
2013/05/21,1726,217
2013/05/22,1691,231
2013/05/23,1676,216
2013/05/24,1322,156
2013/05/25,632,44
2013/05/26,754,81
2013/05/27,1242,142
2013/05/28,1666,180
2013/05/29,1713,206
2013/05/30,1653,194
2013/05/31,1402,181
2013/06/01,665,65
2013/06/02,720,82
2013/06/03,1711,252
2013/06/04,1811,204
2013/06/05,1649,191
2013/06/06,1595,215
2013/06/07,1519,140
2013/06/08,692,83
2013/06/09,690,67
2013/06/10,1538,224
2013/06/11,1622,189
2013/06/12,1769,179
2013/06/13,1636,172
2013/06/14,1445,199
2013/06/15,665,68
2013/06/16,734,66
2013/06/17,1476,210
2013/06/18,1663,181
2013/06/19,1703,202
2013/06/20,1607,190
2013/06/21,1437,154
2013/06/22,642,53
2013/06/23,632,69
2013/06/24,1577,174
2013/06/25,1621,169
2013/06/26,1690,193
2013/06/27,1656,192
2013/06/28,1312,141
2013/06/29,620,70
2013/06/30,652,63
2013/07/01,1457,156
2013/07/02,1607,164
2013/07/03,1538,167
2013/07/04,1335,133
2013/07/05,1262,114
2013/07/06,637,87
2013/07/07,605,52
2013/07/08,1593,178
2013/07/09,1643,181
2013/07/10,1598,154
2013/07/11,1552,177
2013/07/12,1390,144
2013/07/13,577,78
2013/07/14,613,61
2013/07/15,1471,168
2013/07/16,1533,172
2013/07/17,1591,199
2013/07/18,1505,183
2013/07/19,1435,173
2013/07/20,635,86
2013/07/21,718,78
2013/07/22,1521,181
2013/07/23,1242,213
2013/07/24,566,78
2013/07/25,1349,150
2013/07/26,1347,137
2013/07/27,614,79
2013/07/28,660,57
2013/07/29,1263,186
2013/07/30,1374,178
2013/07/31,1423,197
2013/08/01,1316,153
2013/08/02,1215,143
2013/08/03,587,85
2013/08/04,544,50
2013/08/05,1272,155
2013/08/06,1345,171
2013/08/07,1418,174
2013/08/08,1319,161
2013/08/09,1014,126
2013/08/10,498,60
2013/08/11,555,64
2013/08/12,1235,174
2013/08/13,1351,169
2013/08/14,1351,158
2013/08/15,1186,150
2013/08/16,1083,154
2013/08/17,556,53
2013/08/18,560,61
2013/08/19,1280,149
2013/08/20,1295,166
2013/08/21,1390,153
2013/08/22,1356,189
2013/08/23,1202,137
2013/08/24,555,76
2013/08/25,581,50
2013/08/26,1222,132
2013/08/27,1337,154
2013/08/28,1282,183
2013/08/29,1275,160
2013/08/30,1100,122
2013/08/31,580,55
2013/09/01,547,59
2013/09/02,1050,131
2013/09/03,1223,177
2013/09/04,1318,172
2013/09/05,1345,144
2013/09/06,1222,157
2013/09/07,521,76
2013/09/08,516,67
2013/09/09,1242,148
2013/09/10,1315,178
2013/09/11,1499,182
2013/09/12,1277,179
2013/09/13,1187,160
2013/09/14,663,66
2013/09/15,640,61
2013/09/16,1325,151
2013/09/17,1396,167
2013/09/18,1372,167
2013/09/19,1283,178
2013/09/20,1140,141
2013/09/21,574,69
2013/09/22,576,58
2013/09/23,1310,163
2013/09/24,1402,163
2013/09/25,1368,165
2013/09/26,1324,180
2013/09/27,1164,149
2013/09/28,595,47
2013/09/29,634,69
2013/09/30,1293,169
2013/10/01,1255,153
2013/10/02,1275,161
2013/10/03,1240,141
2013/10/04,1118,160
2013/10/05,583,73
2013/10/06,565,53
2013/10/07,1284,150
2013/10/08,1300,135
2013/10/09,1273,177
2013/10/10,1307,158
2013/10/11,1194,119
2013/10/12,527,67
2013/10/13,497,60
2013/10/14,1109,105
2013/10/15,1210,131
2013/10/16,1290,140
2013/10/17,1369,164
2013/10/18,1156,134
2013/10/19,564,47
2013/10/20,552,55
2013/10/21,1302,188
2013/10/22,1340,174
2013/10/23,1380,155
2013/10/24,1385,156
2013/10/25,1206,122
2013/10/26,548,64
2013/10/27,616,63
2013/10/28,1207,155
2013/10/29,1290,162
2013/10/30,1301,170
2013/10/31,1143,150
2013/11/01,937,121
2013/11/02,489,56
2013/11/03,479,51
2013/11/04,1027,126
2013/11/05,1146,153
2013/11/06,1285,139
2013/11/07,1226,164
2013/11/08,1136,116
2013/11/09,586,60
2013/11/10,539,54
2013/11/11,1260,107
2013/11/12,1753,143
2013/11/13,1797,156
2013/11/14,2009,137
2013/11/15,2002,140
2013/11/16,1619,79
2013/11/17,766,58
2013/11/18,1325,148
2013/11/19,1240,159
2013/11/20,1315,162
2013/11/21,1490,162
2013/11/22,1150,130
2013/11/23,594,62
2013/11/24,600,60
2013/11/25,1224,162
2013/11/26,1186,148
2013/11/27,1090,153
2013/11/28,1022,114
2013/11/29,923,136
2013/11/30,555,64
2013/12/01,555,72
2013/12/02,1263,145
2013/12/03,1200,174
2013/12/04,1354,169
2013/12/05,1337,144
2013/12/06,1184,146
2013/12/07,619,59
2013/12/08,574,61
2013/12/09,1250,178
2013/12/10,1350,156
2013/12/11,1324,168
2013/12/12,1355,178
2013/12/13,1131,146
2013/12/14,583,72
2013/12/15,553,68
2013/12/16,1182,149
2013/12/17,1262,162
2013/12/18,1284,196
2013/12/19,1219,160
2013/12/20,1001,132
2013/12/21,512,65
2013/12/22,554,59
2013/12/23,888,78
2013/12/24,794,100
2013/12/25,451,48
2013/12/26,763,107
2013/12/27,827,98
2013/12/28,508,55
2013/12/29,586,53
2013/12/30,874,90
2013/12/31,697,89
2014/01/01,444,61
2014/01/02,979,119
2014/01/03,938,138
2014/01/04,517,54
2014/01/05,517,54
2014/01/06,517,54
2014/01/07,1390,174
2014/01/08,1457,178
2014/01/09,1484,181
2014/01/10,1193,150
2014/01/11,637,54
2014/01/12,612,67
2014/01/13,1403,182
2014/01/14,1380,180
2014/01/15,1432,182
2014/01/16,1452,173
2014/01/17,1312,144
2014/01/18,690,59
2014/01/19,672,71
2014/01/20,1356,160
2014/01/21,1561,180
2014/01/22,1575,186
2014/01/23,1607,181
2014/01/24,1349,163
2014/01/25,673,78
2014/01/26,699,72
2014/01/27,1490,177
2014/01/28,1505,176
2014/01/29,1538,185
2014/01/30,1546,167
2014/01/31,1227,156
2014/02/01,667,78
2014/02/02,713,63
2014/02/03,1411,189
2014/02/04,1611,179
2014/02/05,1511,205
2014/02/06,1554,210
2014/02/07,1473,156
2014/02/08,714,82
2014/02/09,648,64
2014/02/10,1487,189
2014/02/11,1605,197
2014/02/12,1570,180
2014/02/13,1457,173
2014/02/14,1245,135
2014/02/15,651,72
2014/02/16,609,66
2014/02/17,1348,135
2014/02/18,1487,158
2014/02/19,1616,206
2014/02/20,1560,196
2014/02/21,1303,165
2014/02/22,675,72
2014/02/23,659,83
2014/02/24,1621,180
2014/02/25,1515,180
2014/02/26,1530,182
2014/02/27,1532,168
2014/02/28,1252,147
2014/03/01,697,54
2014/03/02,699,74
2014/03/03,1338,164
2014/03/04,1560,193
2014/03/05,1611,191
2014/03/06,1581,202
2014/03/07,1384,130
2014/03/08,634,57
2014/03/09,672,74
2014/03/10,1460,173
2014/03/11,1637,184
2014/03/12,1605,179
2014/03/13,1578,214
2014/03/14,1302,167
2014/03/15,718,62
2014/03/16,640,81
2014/03/17,1352,174
2014/03/18,1554,200
2014/03/19,1764,177
2014/03/20,1641,194
2014/03/21,1434,153
2014/03/22,684,71
2014/03/23,660,65
2014/03/24,1595,200
2014/03/25,1711,209
2014/03/26,1706,202
2014/03/27,1538,198
2014/03/28,1407,145
2014/03/29,754,64
2014/03/30,763,57
2014/03/31,1387,155
2014/04/01,1538,177
2014/04/02,1493,197
2014/04/03,1601,209
2014/04/04,1438,163
2014/04/05,681,84
2014/04/06,675,63
2014/04/07,1459,194
2014/04/08,1559,195
2014/04/09,1663,234
2014/04/10,1697,244
2014/04/11,1455,188
2014/04/12,711,108
2014/04/13,646,67
2014/04/14,1442,218
2014/04/15,1561,189
2014/04/16,1471,180
2014/04/17,1291,200
2014/04/18,966,105
2014/04/19,562,58
2014/04/20,600,72
2014/04/21,1065,148
2014/04/22,1516,203
2014/04/23,1551,197
2014/04/24,1439,169
2014/04/25,1335,160
2014/04/26,647,55
2014/04/27,687,70
2014/04/28,1439,178
2014/04/29,1500,197
2014/04/30,1275,152
2014/05/01,1098,148
2014/05/02,1136,155
2014/05/03,632,68
2014/05/04,659,73
2014/05/05,1339,180
2014/05/06,1479,188
2014/05/07,1411,188
2014/05/08,1451,208
2014/05/09,1324,173
2014/05/10,628,52
2014/05/11,608,72
2014/05/12,1396,173
2014/05/13,1413,188
2014/05/14,1541,209
2014/05/15,1399,165
2014/05/16,1227,129
2014/05/17,568,59
2014/05/18,546,64
2014/05/19,1323,185
2014/05/20,1425,193
2014/05/21,1645,158
2014/05/22,1468,171
2014/05/23,1224,124
2014/05/24,547,58
2014/05/25,510,61
2014/05/26,1025,94
2014/05/27,1355,164
2014/05/28,1405,155
2014/05/29,1335,164
2014/05/30,1154,162
2014/05/31,537,68
2014/06/01,538,59
2014/06/02,1277,168
2014/06/03,1404,188
2014/06/04,1393,205
2014/06/05,1457,183
2014/06/06,1215,148
2014/06/07,596,72
2014/06/08,573,58
2014/06/09,1255,154
2014/06/10,1515,177
2014/06/11,1400,178
2014/06/12,1381,145
2014/06/13,1137,136
2014/06/14,502,65
2014/06/15,589,49
2014/06/16,1199,164
2014/06/17,1417,168
2014/06/18,1351,167
2014/06/19,1496,149
2014/06/20,1076,120
2014/06/21,569,47
2014/06/22,524,68
2014/06/23,1257,165
2014/06/24,1445,165
2014/06/25,1417,172
2014/06/26,1474,151
2014/06/27,1171,127
2014/06/28,512,35
2014/06/29,528,44
2014/06/30,1298,128
2014/07/01,1240,147
2014/07/02,1392,181
2014/07/03,1227,157
2014/07/04,947,83
2014/07/05,511,60
2014/07/06,516,55
2014/07/07,1297,169
2014/07/08,1489,161
2014/07/09,1424,180
2014/07/10,1434,172
2014/07/11,1372,134
2014/07/12,536,58
2014/07/13,517,66
2014/07/14,1482,169
2014/07/15,1502,187
2014/07/16,1383,178
2014/07/17,1399,152
2014/07/18,1279,149
2014/07/19,500,48
2014/07/20,553,58
2014/07/21,1769,156
2014/07/22,2900,182
2014/07/23,5253,162
2014/07/24,4527,192
2014/07/25,1813,153
2014/07/26,495,57
2014/07/27,457,54
2014/07/28,1221,125
2014/07/29,1292,148
2014/07/30,1417,209
2014/07/31,2007,143
2014/08/01,1517,116
2014/08/02,512,55
2014/08/03,543,58
2014/08/04,1596,133
2014/08/05,2697,121
2014/08/06,2558,162
2014/08/07,2697,133
2014/08/08,2245,128
2014/08/09,1245,54
2014/08/10,1235,49
2014/08/11,2005,160
2014/08/12,2526,167
2014/08/13,2325,156
2014/08/14,1399,161
2014/08/15,969,124
2014/08/16,439,59
2014/08/17,496,59
2014/08/18,1234,145
2014/08/19,1492,175
2014/08/20,2051,164
2014/08/21,1593,156
2014/08/22,1959,127
2014/08/23,934,58
2014/08/24,908,62
2014/08/25,1783,120
2014/08/26,2065,153
2014/08/27,1783,109
2014/08/28,1880,157
2014/08/29,1832,100
2014/08/30,1242,42
2014/08/31,1195,37
2014/09/01,1725,93
2014/09/02,2127,160
2014/09/03,2171,158
2014/09/04,2070,143
2014/09/05,1932,152
2014/09/06,1290,50
2014/09/07,1311,47
2014/09/08,2031,132
2014/09/09,2106,161
2014/09/10,1803,155
2014/09/11,2621,159
2014/09/12,2992,145
2014/09/13,1531,48
2014/09/14,1393,70
2014/09/15,2103,158
2014/09/16,2256,177
2014/09/17,2352,158
2014/09/18,2489,164
2014/09/19,1857,106
2014/09/20,1317,58
2014/09/21,1283,49
2014/09/22,1858,177
2014/09/23,1663,171
2014/09/24,1662,133
2014/09/25,1853,171
2014/09/26,1700,126
2014/09/27,626,52
2014/09/28,564,51
2014/09/29,1415,149
2014/09/30,1671,159
2014/10/01,1917,156
2014/10/02,2388,120
2014/10/03,1908,82
2014/10/04,1265,56
2014/10/05,1196,54
2014/10/06,2271,130
2014/10/07,2521,156
2014/10/08,2872,166
2014/10/09,2819,155
2014/10/10,2224,128
2014/10/11,1286,72
2014/10/12,1283,40
2014/10/13,1963,148
2014/10/14,2370,151
2014/10/15,2210,166
2014/10/16,2297,154
2014/10/17,1788,117
2014/10/18,910,44
2014/10/19,1240,55
2014/10/20,2008,183
2014/10/21,2025,158
2014/10/22,2331,176
2014/10/23,2619,136
2014/10/24,2282,95
2014/10/25,1222,37
2014/10/26,1265,37
2014/10/27,1946,150
2014/10/28,2068,156
2014/10/29,2132,139
2014/10/30,2519,157
2014/10/31,1826,126
2014/11/01,1588,47
2014/11/02,1652,53
2014/11/03,2384,158
2014/11/04,2113,155
2014/11/05,2077,149
2014/11/06,2158,172
2014/11/07,2280,120
2014/11/08,1990,48
2014/11/09,1915,56
2014/11/10,2042,157
2014/11/11,2040,158
2014/11/12,2378,174
2014/11/13,2046,177
2014/11/14,1497,156
2014/11/15,624,47
2014/11/16,571,67
2014/11/17,1300,181
2014/11/18,1685,188
2014/11/19,1683,186
2014/11/20,1467,156
2014/11/21,1513,127
2014/11/22,936,39
2014/11/23,915,65
2014/11/24,1744,128
2014/11/25,2027,145
2014/11/26,1933,127
2014/11/27,1711,121
2014/11/28,1592,87
2014/11/29,1177,56
2014/11/30,898,39
2014/12/01,1878,159
2014/12/02,2100,127
2014/12/03,2036,126
2014/12/04,1930,144
2014/12/05,1901,111
2014/12/06,1234,33
2014/12/07,1237,51
2014/12/08,1973,152
2014/12/09,2130,129
2014/12/10,2309,147
2014/12/11,1971,137
2014/12/12,1832,117
2014/12/13,868,39
2014/12/14,855,63
2014/12/15,1522,151
2014/12/16,1563,158
2014/12/17,1561,145
2014/12/18,1503,130
2014/12/19,1299,128
2014/12/20,452,32
2014/12/21,406,45
2014/12/22,893,117
2014/12/23,775,122
2014/12/24,629,71
2014/12/25,342,41
2014/12/26,534,78
2014/12/27,439,33
2014/12/28,374,46
2014/12/29,778,83
2014/12/30,867,73
2014/12/31,590,50
2015/01/01,339,34
2015/01/02,674,84
2015/01/03,407,46
2015/01/04,462,37
2015/01/05,1068,142
2015/01/06,1249,160
2015/01/07,1199,160
2015/01/08,1193,152
2015/01/09,1068,132
2015/01/10,487,43
2015/01/11,485,62
2015/01/12,1256,149
2015/01/13,1446,190
2015/01/14,1224,167
2015/01/15,1137,170
2015/01/16,1092,122
2015/01/17,503,51
2015/01/18,474,59
2015/01/19,1054,183
2015/01/20,1355,180
2015/01/21,1227,159
2015/01/22,1264,187
2015/01/23,1037,156
2015/01/24,438,55
2015/01/25,466,57
2015/01/26,1111,156
2015/01/27,1242,166
2015/01/28,1320,177
2015/01/29,1266,160
2015/01/30,1118,133
2015/01/31,475,61
2015/02/01,476,47
2015/02/02,1107,155
2015/02/03,1301,183
2015/02/04,1314,185
2015/02/05,1389,190
2015/02/06,1129,161
2015/02/07,526,43
2015/02/08,473,47
2015/02/09,1267,172
2015/02/10,1351,187
2015/02/11,1287,172
2015/02/12,1324,176
2015/02/13,1056,155
2015/02/14,424,39
2015/02/15,488,53
2015/02/16,1080,131
2015/02/17,1210,157
2015/02/18,1197,163
2015/02/19,1145,152
2015/02/20,1013,128
2015/02/21,431,66
2015/02/22,463,50
2015/02/23,1198,154
2015/02/24,1339,151
2015/02/25,1310,163
2015/02/26,1200,123
2015/02/27,1190,140
2015/02/28,507,49
2015/03/01,531,61
2015/03/02,1248,149
2015/03/03,1399,174
2015/03/04,1461,154
2015/03/05,1186,149
2015/03/06,1087,122
2015/03/07,448,56
2015/03/08,509,67
2015/03/09,1256,155
2015/03/10,1309,119
2015/03/11,1229,166
2015/03/12,1249,143
2015/03/13,1160,105
2015/03/14,534,39
2015/03/15,464,52
2015/03/16,1275,148
2015/03/17,1258,157
2015/03/18,1360,139
2015/03/19,1241,165
2015/03/20,1092,124
2015/03/21,523,50
2015/03/22,490,53
2015/03/23,1202,168
2015/03/24,1336,167
2015/03/25,1703,170
2015/03/26,1552,171
2015/03/27,1452,117
2015/03/28,874,67
2015/03/29,916,60
2015/03/30,1415,143
2015/03/31,1269,155
